First Name, Last Name, State, Zip, email, Consent, Phone Number, Mobile Phone, Add1, Data1, Data2, Date Of Birth, Data3
Ashley Drive,Chandler,AZ,85286,test0@humancaresystems.com,Y,1234567912,564232340,12045,LOAD,TEST 1,03/20/1969,3100 S
Ashley Drive,Chandler,AZ,85286,test1@humancaresystems.com,Y,1234567890,564232341,12145,LOAD,TEST 2,03/01/1969,3100 S
Ashley Drive,Chandler,AZ,85286,test2@humancaresystems.com,Y,6177504302,564232342,12245,LOAD,TEST 3,03/02/1969,3100 S
Ashley Drive,Chandler,AZ,85286,test3@humancaresystems.com,Y,6177504303,564232343,12445,LOAD,TEST 4,03/03/1969,3100 S
Ashley Drive,Chandler,AZ,85286,test4@humancaresystems.com,N,6177504384,564232344,13245,LOAD,TEST 5,03/04/1969,3100 S
Ashley Drive,Chandler,AZ,85286,test5@humancaresystems.com,N,6177504305,564232345,14545,LOAD,TEST 6,03/05/1969,3100 S
Ashley Drive,Chandler,AZ,85286,test6@humancaresystems.com,N,6177504306,564232346,15245,TEST 7,03/06/1969,3100 S 
Ashley Drive,Chandler,AZ,85286,test7@humancaresystems.com,Y,6177504307,564232347,15545,LOAD,TEST 8,03/07/1969,3100 S
Ashley Drive,Chandler,AZ,85286,test8@humancaresystems.com,N,6177504308,564232348,16445,LOAD,TEST 9,03/08/1969,3100 S
Ashley Drive,Chandler,AZ,85286,test9@humancaresystems.com,N,6177504309,564232349,16345,TEST 10,03/09/1969,3100 S
Ashley Drive,Chandler,AZ,85286,test10@humancaresystems.com,N,6177504310,564232350,16245,LOAD,TEST 11,03/10/1969,3100 S
Ashley Drive,Chandler,AZ,85286,,Y,6177504311,564232365,17445,LOAD,TEST 12,03/11/1969,3100 S
Ashley Drive,Chandler,AZ,85286,test12@humancaresystems.com,N,6177504312,564232363,17345,LOAD,TEST 13,03/12/1969,3100 S
Ashley Drive,Chandler,AZ,85286,test13@humancaresystems.com,Y,6177504313,564232360,19845,LOAD,TEST 14,03/13/1969,3100 S

